INSERT INTO books (id, title, author, genre, publisher)
VALUES (1, 'Age of Discontuinity, The', 'Drucker, Peter', 'economics', 'Random House');
INSERT INTO books (id, title, author, genre, publisher)
VALUES (2, 'Age of Wrath, The', 'Eraly, Abraham', 'history', 'Penguin');
INSERT INTO books (id, title, author, genre, publisher)
VALUES (3, 'Aghal Paghal', 'Deshpande, P L', 'nonfiction', 'Mauj');
INSERT INTO books (id, title, author, genre, publisher)
VALUES (4, 'Ahe Manohar Tari', 'Deshpande, Sunita', 'nonfiction', 'Mauj');
INSERT INTO books (id, title, author, genre, publisher)
VALUES (5, 'All the Presidents Men', 'Woodward, Bob', 'history', 'Random House');
INSERT INTO books (id, title, author, genre, publisher)
VALUES (6, 'Amulet of Samarkand, The', 'Stroud, Jonathan', 'fiction', 'Random House');
INSERT INTO books (id, title, author, genre, publisher)
VALUES (7, 'Analysis, Vol I', 'Tao, Terence', 'mathematics', 'HBA');
INSERT INTO books (id, title, author, genre, publisher)
VALUES (8, 'Angels & Demons', 'Brown, Dan', 'fiction', 'Random House');
INSERT INTO books (id, title, author, genre, publisher)
VALUES (9, 'Argumentative Indian, The', 'Sen, Amartya', 'nonfiction', 'Picador');
INSERT INTO books (id, title, author, genre, publisher)
VALUES (10, 'Artist and the Mathematician, The', 'Aczel, Amir', 'science', 'HighStakes');
INSERT INTO books (id, title, author, genre, publisher)
VALUES (11, 'Asami Asami', 'Deshpande, P L', 'fiction', 'Mauj');
INSERT INTO books (id, title, author, genre, publisher)
VALUES (12, 'Ashenden of The British Agent', 'Maugham, William S', 'fiction', 'Vintage');
INSERT INTO books (id, title, author, genre, publisher)
VALUES (13, 'Beautiful and the Damned, The', 'Deb, Siddhartha', 'nonfiction', 'Penguin');
INSERT INTO books (id, title, author, genre, publisher)
VALUES (14, 'Beyond the Three Seas', 'Dalrymple, William', 'history', 'Random House');
INSERT INTO books (id, title, author, genre, publisher)
VALUES (15, 'Birth of a Theorem', 'Villani, Cedric', 'mathematics', 'Bodley Head');
INSERT INTO books (id, title, author, genre, publisher)
VALUES (16, 'Bookless in Baghdad', 'Tharoor, Shashi', 'nonfiction', 'Penguin');
INSERT INTO books (id, title, author, genre, publisher)
VALUES (17, 'Brethren, The', 'Grisham, John', 'fiction', 'Random House');
INSERT INTO books (id, title, author, genre, publisher)
VALUES (18, 'Burning Bright', 'Steinbeck, John', 'fiction', 'Penguin');
INSERT INTO books (id, title, author, genre, publisher)
VALUES (19, 'Catch 22', 'Heller, Joseph', 'fiction', 'Random House');
INSERT INTO books (id, title, author, genre, publisher)
VALUES (20, 'City of Joy, The', 'Lapierre, Dominique', 'fiction', 'vikas');
INSERT INTO books (id, title, author, genre, publisher)
VALUES (21, 'Clash of Civilizations and Remaking of the World Order', 'Huntington, Samuel', 'history',
        'Simon&Schuster');
INSERT INTO books (id, title, author, genre, publisher)
VALUES (22, 'Complete Mastermind, The', 'BBC', 'nonfiction', 'BBC');
INSERT INTO books (id, title, author, genre, publisher)
VALUES (23, 'Complete Sherlock Holmes, The - Vol I', 'Doyle, Arthur Conan', 'fiction', 'Random House');
INSERT INTO books (id, title, author, genre, publisher)
VALUES (24, 'Complete Sherlock Holmes, The - Vol II', 'Doyle, Arthur Conan', 'fiction', 'Random House');
INSERT INTO books (id, title, author, genre, publisher)
VALUES (25, 'Computer Vision, A Modern Approach', 'Forsyth, David', 'data_science', 'Pearson');
INSERT INTO books (id, title, author, genre, publisher)
VALUES (26, 'Crime and Punishment', 'Dostoevsky, Fyodor', 'fiction', 'Penguin');
INSERT INTO books (id, title, author, genre, publisher)
VALUES (27, 'Data Mining Handbook', 'Nisbet, Robert', 'data_science', 'Apress');
INSERT INTO books (id, title, author, genre, publisher)
VALUES (28, 'Data Scientists at Work', 'Sebastian Gutierrez', 'data_science', 'Apress');
INSERT INTO books (id, title, author, genre, publisher)
VALUES (29, 'Data Smart', 'Foreman, John', 'data_science', 'Wiley');
INSERT INTO books (id, title, author, genre, publisher)
VALUES (30, 'Data Structures Using C & C++', 'Tanenbaum, Andrew', 'computer_science', 'Prentice Hall');
INSERT INTO books (id, title, author, genre, publisher)
VALUES (31, 'Doctor in the Nude', 'Gordon, Richard', 'fiction', 'Penguin');
INSERT INTO books (id, title, author, genre, publisher)
VALUES (32, 'Down and Out in Paris & London', 'Orwell, George', 'nonfiction', 'Penguin');
INSERT INTO books (id, title, author, genre, publisher)
VALUES (33, 'Drunkards Walk, The', 'Mlodinow, Leonard', 'science', 'Penguin');
INSERT INTO books (id, title, author, genre, publisher)
VALUES (34, 'Dylan on Dylan', 'Dylan, Bob', 'nonfiction', 'Random House');
INSERT INTO books (id, title, author, genre, publisher)
VALUES (35, 'Econometric Analysis', 'Greene, W. H.', 'economics', 'Pearson');
INSERT INTO books (id, title, author, genre, publisher)
VALUES (36, 'Electric Universe', 'Bodanis, David', 'science', 'Penguin');
INSERT INTO books (id, title, author, genre, publisher)
VALUES (37, 'False Impressions', 'Archer, Jeffery', 'fiction', 'Pan');
INSERT INTO books (id, title, author, genre, publisher)
VALUES (38, 'Farewell to Arms, A', 'Hemingway, Ernest', 'fiction', 'Rupa');
INSERT INTO books (id, title, author, genre, publisher)
VALUES (39, 'Freakonomics', 'Dubner, Stephen', 'economics', 'Penguin');
INSERT INTO books (id, title, author, genre, publisher)
VALUES (40, 'Free Will', 'Harris, Sam', 'philosophy', 'FreePress');
INSERT INTO books (id, title, author, genre, publisher)
VALUES (41, 'Freedom at Midnight', 'Lapierre, Dominique', 'history', 'vikas');
INSERT INTO books (id, title, author, genre, publisher)
VALUES (42, 'Fundamentals of Wavelets', 'Goswami, Jaideva', 'signal_processing', 'Wiley');
INSERT INTO books (id, title, author, genre, publisher)
VALUES (43, 'God Created the Integers', 'Hawking, Stephen', 'mathematics', 'Penguin');
INSERT INTO books (id, title, author, genre, publisher)
VALUES (44, 'Great Indian Novel, The', 'Tharoor, Shashi', 'fiction', 'Penguin');
INSERT INTO books (id, title, author, genre, publisher)
VALUES (45, 'Great War for Civilization, The', 'Fisk, Robert', 'history', 'HarperCollins');
INSERT INTO books (id, title, author, genre, publisher)
VALUES (46, 'Gun Gayin Awadi', 'Deshpande, P L', 'nonfiction', 'Mauj');
INSERT INTO books (id, title, author, genre, publisher)
VALUES (47, 'Hidden Connections, The', 'Capra, Fritjof', 'science', 'HarperCollins');
INSERT INTO books (id, title, author, genre, publisher)
VALUES (48, 'History of Western Philosophy', 'Russell, Bertrand', 'philosophy', 'Routledge');
INSERT INTO books (id, title, author, genre, publisher)
VALUES (49, 'How to Think Like Sherlock Holmes', 'Konnikova, Maria', 'psychology', 'Penguin');
INSERT INTO books (id, title, author, genre, publisher)
VALUES (50, 'Hunchback of Notre Dame, The', 'Hugo, Victor', 'fiction', 'Random House');
INSERT INTO books (id, title, author, genre, publisher)
VALUES (51, 'Idea of Justice, The', 'Sen, Amartya', 'nonfiction', 'Penguin');
INSERT INTO books (id, title, author, genre, publisher)
VALUES (52, 'Identity & Violence', 'Sen, Amartya', 'philosophy', 'Penguin');
INSERT INTO books (id, title, author, genre, publisher)
VALUES (53, 'Image Processing & Mathematical Morphology', 'Shih, Frank', 'signal_processing', 'CRC');
INSERT INTO books (id, title, author, genre, publisher)
VALUES (54, 'In a Free State', 'Naipaul, V. S.', 'fiction', 'Rupa');
INSERT INTO books (id, title, author, genre, publisher)
VALUES (55, 'India from Midnight to Milennium', 'Tharoor, Shashi', 'history', 'Penguin');
INSERT INTO books (id, title, author, genre, publisher)
VALUES (56, 'Integration of the Indian States', 'Menon, V P', 'history', 'Orient Blackswan');
INSERT INTO books (id, title, author, genre, publisher)
VALUES (57, 'Introduction to Algorithms', 'Cormen, Thomas', 'computer_science', 'MIT Press');
INSERT INTO books (id, title, author, genre, publisher)
VALUES (58, 'Journal of a Novel', 'Steinbeck, John', 'fiction', 'Penguin');
INSERT INTO books (id, title, author, genre, publisher)
VALUES (59, 'Jurassic Park', 'Crichton, Michael', 'fiction', 'Random House');
INSERT INTO books (id, title, author, genre, publisher)
VALUES (60, 'Last Lecture, The', 'Pausch, Randy', 'nonfiction', 'Hyperion');
INSERT INTO books (id, title, author, genre, publisher)
VALUES (61, 'Last Mughal, The', 'Dalrymple, William', 'history', 'Penguin');
INSERT INTO books (id, title, author, genre, publisher)
VALUES (62, 'Learning OpenCV', 'Bradsky, Gary', 'data_science', 'OReilly');
INSERT INTO books (id, title, author, genre, publisher)
VALUES (63, 'Let Us C', 'Kanetkar, Yashwant', 'computer_science', 'Prentice Hall');
INSERT INTO books (id, title, author, genre, publisher)
VALUES (64, 'Machine Learning for Hackers', 'Conway, Drew', 'data_science', 'OReilly');
INSERT INTO books (id, title, author, genre, publisher)
VALUES (65, 'Making Software', 'Oram, Andy', 'computer_science', 'OReilly');
INSERT INTO books (id, title, author, genre, publisher)
VALUES (66, 'Manasa', 'Kale, V P', 'nonfiction', 'Mauj');
INSERT INTO books (id, title, author, genre, publisher)
VALUES (67, 'Maqta-e-Ghalib', 'Garg, Sanjay', 'fiction', 'Mauj');
INSERT INTO books (id, title, author, genre, publisher)
VALUES (68, 'Maughams Collected Short Stories, Vol 3', 'Maugham, William S', 'fiction', 'Vintage');
INSERT INTO books (id, title, author, genre, publisher)
VALUES (69, 'Moon is Down, The', 'Steinbeck, John', 'fiction', 'Penguin');
INSERT INTO books (id, title, author, genre, publisher)
VALUES (70, 'Nature of Statistical Learning Theory, The', 'Vapnik, Vladimir', 'data_science', 'Springer');
INSERT INTO books (id, title, author, genre, publisher)
VALUES (71, 'New Machiavelli, The', 'Wells, H. G.', 'fiction', 'Penguin');
INSERT INTO books (id, title, author, genre, publisher)
VALUES (72, 'New Markets & Other Essays', 'Drucker, Peter', 'economics', 'Penguin');
INSERT INTO books (id, title, author, genre, publisher)
VALUES (73, 'O Jerusalem!', 'Lapierre, Dominique', 'history', 'vikas');
INSERT INTO books (id, title, author, genre, publisher)
VALUES (74, 'On Education', 'Russell, Bertrand', 'philosophy', 'Routledge');
INSERT INTO books (id, title, author, genre, publisher)
VALUES (75, 'Once There Was a War', 'Steinbeck, John', 'nonfiction', 'Penguin');
INSERT INTO books (id, title, author, genre, publisher)
VALUES (76, 'One', 'Bach, Richard', 'nonfiction', 'Dell');
INSERT INTO books (id, title, author, genre, publisher)
VALUES (77, 'Orientalism', 'Said, Edward', 'history', 'Penguin');
INSERT INTO books (id, title, author, genre, publisher)
VALUES (78, 'Outsider, The', 'Camus, Albert', 'fiction', 'Penguin');
INSERT INTO books (id, title, author, genre, publisher)
VALUES (79, 'Physics & Philosophy', 'Heisenberg, Werner', 'science', 'Penguin');
INSERT INTO books (id, title, author, genre, publisher)
VALUES (80, 'Pillars of the Earth, The', 'Follett, Ken', 'fiction', 'Random House');
INSERT INTO books (id, title, author, genre, publisher)
VALUES (81, 'Principles of Communication Systems', 'Taub, Schilling', 'computer_science', 'TMH');
INSERT INTO books (id, title, author, genre, publisher)
VALUES (82, 'Prisoner of Birth, A', 'Archer, Jeffery', 'fiction', 'Pan');
INSERT INTO books (id, title, author, genre, publisher)
VALUES (83, 'Python for Data Analysis', 'McKinney, Wes', 'data_science', 'OReilly');
INSERT INTO books (id, title, author, genre, publisher)
VALUES (84, 'Radiowaril Bhashane & Shrutika', 'Deshpande, P L', 'nonfiction', 'Mauj');
INSERT INTO books (id, title, author, genre, publisher)
VALUES (85, 'Raisin in the Sun, A', 'Hansberry, Lorraine', 'fiction', 'Penguin');
INSERT INTO books (id, title, author, genre, publisher)
VALUES (86, 'Rationality & Freedom', 'Sen, Amartya', 'economics', 'Springer');
INSERT INTO books (id, title, author, genre, publisher)
VALUES (87, 'Return of the Primitive', 'Rand, Ayn', 'philosophy', 'Penguin');
INSERT INTO books (id, title, author, genre, publisher)
VALUES (88, 'Russian Journal, A', 'Steinbeck, John', 'nonfiction', 'Penguin');
INSERT INTO books (id, title, author, genre, publisher)
VALUES (89, 'Scoop!', 'Nayar, Kuldip', 'history', 'HarperCollins');
INSERT INTO books (id, title, author, genre, publisher)
VALUES (90, 'Sea of Poppies', 'Ghosh, Amitav', 'fiction', 'Penguin');
INSERT INTO books (id, title, author, genre, publisher)
VALUES (91, 'Signal and the Noise, The', 'Silver, Nate', 'data_science', 'Penguin');
INSERT INTO books (id, title, author, genre, publisher)
VALUES (92, 'Slaughterhouse Five', 'Vonnegut, Kurt', 'fiction', 'Random House');
INSERT INTO books (id, title, author, genre, publisher)
VALUES (93, 'Social Choice & Welfare, Vol 39 No. 1', 'Various', 'economics', 'Springer');
INSERT INTO books (id, title, author, genre, publisher)
VALUES (94, 'Soft Computing & Intelligent Systems', 'Gupta, Madan', 'data_science', 'Elsevier');
INSERT INTO books (id, title, author, genre, publisher)
VALUES (95, 'Statistical Decision Theory', 'Pratt, John', 'data_science', 'MIT Press');
INSERT INTO books (id, title, author, genre, publisher)
VALUES (96, 'Story of Philosophy, The', 'Durant, Will', 'philosophy', 'Pocket');
INSERT INTO books (id, title, author, genre, publisher)
VALUES (97, 'Structure & Interpretation of Computer Programs', 'Sussman, Gerald', 'computer_science', 'MIT Press');
INSERT INTO books (id, title, author, genre, publisher)
VALUES (98, 'Superfreakonomics', 'Dubner, Stephen', 'economics', 'HarperCollins');
INSERT INTO books (id, title, author, genre, publisher)
VALUES (99, 'Surely Youre Joking Mr Feynman', 'Feynman, Richard', 'science', 'Random House');
INSERT INTO books (id, title, author, genre, publisher)
VALUES (100, 'Tales of Mystery and Imagination', 'Poe, Edgar Allen', 'fiction', 'HarperCollins');
INSERT INTO books (id, title, author, genre, publisher)
VALUES (101, 'Tao of Physics, The', 'Capra, Fritjof', 'science', 'Penguin');
INSERT INTO books (id, title, author, genre, publisher)
VALUES (102, 'Textbook of Economic Theory', 'Stonier, Alfred', 'economics', 'Pearson');
INSERT INTO books (id, title, author, genre, publisher)
VALUES (103, 'Theory of Everything, The', 'Hawking, Stephen', 'science', 'Jaico');
INSERT INTO books (id, title, author, genre, publisher)
VALUES (104, 'To Sir With Love', 'Braithwaite', 'fiction', 'Penguin');
INSERT INTO books (id, title, author, genre, publisher)
VALUES (105, 'Trial, The', 'Kafka, Frank', 'fiction', 'Random House');
INSERT INTO books (id, title, author, genre, publisher)
VALUES (106, 'Uncommon Wisdom', 'Capra, Fritjof', 'nonfiction', 'Fontana');
INSERT INTO books (id, title, author, genre, publisher)
VALUES (107, 'Veteran, The', 'Forsyth, Frederick', 'fiction', 'Transworld');
INSERT INTO books (id, title, author, genre, publisher)
VALUES (108, 'We the Living', 'Rand, Ayn', 'fiction', 'Penguin');
INSERT INTO books (id, title, author, genre, publisher)
VALUES (109, 'Wealth of Nations, The', 'Smith, Adam', 'economics', 'Random House');
INSERT INTO books (id, title, author, genre, publisher)
VALUES (110, 'Winter of Our Discontent, The', 'Steinbeck, John', 'fiction', 'Penguin');
INSERT INTO books (id, title, author, genre, publisher)
VALUES (111, 'Zen & The Art of Motorcycle Maintenance', 'Pirsig, Robert', 'philosophy', 'Vintage');

--------------

INSERT INTO users (id, last_name, first_name, member_since, gender)
VALUES (1, 'Aexi', 'Liam', PARSEDATETIME('01-01-2010', 'MM-dd-yyyy') , 'm');
INSERT INTO users (id, last_name, first_name, member_since, gender)
VALUES (2, 'Zhungwang', 'Noah', PARSEDATETIME('11-24-2020', 'MM-dd-yyyy'), 'm');
INSERT INTO users (id, last_name, first_name, member_since, member_till, gender)
VALUES (3, 'Odum', 'Oliver', PARSEDATETIME('05-08-1999','MM-dd-yyyy'), PARSEDATETIME('01-01-2021','MM-dd-yyyy'), 'm');
INSERT INTO users (id, last_name, first_name, member_since, gender)
VALUES (4, 'Chish', 'Elijah', PARSEDATETIME('07-08-2006', 'dd-MM-yyyy'), 'm');
INSERT INTO users (id, last_name, first_name, member_since, gender)
VALUES (5, 'Jayi', 'William', PARSEDATETIME('11-12-2010', 'MM-dd-yyyy'), 'm');
INSERT INTO users (id, last_name, first_name, member_since, member_till, gender)
VALUES (6, 'Jumummaaq', 'James', PARSEDATETIME('05-01-2004', 'MM-dd-yyyy'), PARSEDATETIME('08-06-2008', 'MM-dd-yyyy'), 'm');
INSERT INTO users (id, last_name, first_name, member_since, gender)
VALUES (7, 'Oomxii', 'Sophia', PARSEDATETIME('11-26-2008', 'MM-dd-yyyy'), 'f');
INSERT INTO users (id, last_name, first_name, member_since, gender)
VALUES (8, 'Ghaada', 'Charlotte', PARSEDATETIME('04-06-2008', 'MM-dd-yyyy'), 'f');
INSERT INTO users (id, last_name, first_name, member_since, gender)
VALUES (9, 'Zhungwang', 'Ava', PARSEDATETIME('11-24-2020', 'MM-dd-yyyy'), 'f');
INSERT INTO users (id, last_name, first_name, member_since, gender)
VALUES (10, 'Barret-Kingsley', 'Emma', PARSEDATETIME('09-12-1997', 'MM-dd-yyyy'), 'f');
INSERT INTO users (id, last_name, first_name, member_since, gender)
VALUES (11, 'Augusta', 'Olivia', PARSEDATETIME('07-05-2003', 'MM-dd-yyyy'), 'f');
INSERT INTO users (id, last_name, first_name, member_since, gender)
VALUES (12, 'Alizadeh', 'Poria', PARSEDATETIME('12-10-2023', 'MM-dd-yyyy'), 'm');

---------------

INSERT INTO borrowed (id, users_id, book_id, borrowed_from, borrowed_to)
VALUES (2,9, 15, PARSEDATETIME('06-28-2021', 'MM-dd-yyyy'), PARSEDATETIME('07-13-2021', 'MM-dd-yyyy'));
INSERT INTO borrowed (id, users_id, book_id, borrowed_from, borrowed_to)
VALUES (3,6, 56, PARSEDATETIME('08-29-2004', 'MM-dd-yyyy'), PARSEDATETIME('09-12-2004', 'MM-dd-yyyy'));
INSERT INTO borrowed (id, users_id, book_id, borrowed_from, borrowed_to)
VALUES (1,4, 29, PARSEDATETIME('05-14-2008', 'MM-dd-yyyy'), PARSEDATETIME('05-29-2008', 'MM-dd-yyyy'));
INSERT INTO borrowed (id, users_id, book_id, borrowed_from, borrowed_to)
VALUES (4,3, 50, PARSEDATETIME('07-30-2019', 'MM-dd-yyyy'), PARSEDATETIME('08-20-2019', 'MM-dd-yyyy'));
INSERT INTO borrowed (id, users_id, book_id, borrowed_from, borrowed_to)
VALUES (5,2, 82, PARSEDATETIME('12-30-2020', 'MM-dd-yyyy'), PARSEDATETIME('01-25-2021', 'MM-dd-yyyy'));
INSERT INTO borrowed (id, users_id, book_id, borrowed_from, borrowed_to)
VALUES (6,10, 64, PARSEDATETIME('11-25-2014', 'MM-dd-yyyy'), PARSEDATETIME('12-19-2014', 'MM-dd-yyyy'));
INSERT INTO borrowed (id, users_id, book_id, borrowed_from, borrowed_to)
VALUES (7,10, 84, PARSEDATETIME('07-25-2003', 'MM-dd-yyyy'), PARSEDATETIME('08-19-2003', 'MM-dd-yyyy'));
INSERT INTO borrowed (id, users_id, book_id, borrowed_from, borrowed_to)
VALUES (8,1, 24, PARSEDATETIME('05-09-2015', 'MM-dd-yyyy'), PARSEDATETIME('05-31-2015', 'MM-dd-yyyy'));
INSERT INTO borrowed (id, users_id, book_id, borrowed_from, borrowed_to)
VALUES (9,7, 37, PARSEDATETIME('04-17-2010', 'MM-dd-yyyy'), PARSEDATETIME('05-17-2010', 'MM-dd-yyyy'));
INSERT INTO borrowed (id, users_id, book_id, borrowed_from, borrowed_to)
VALUES (10,10, 72, PARSEDATETIME('06-15-2007', 'MM-dd-yyyy'), PARSEDATETIME('07-16-2007', 'MM-dd-yyyy'));
INSERT INTO borrowed (id, users_id, book_id, borrowed_from, borrowed_to)
VALUES (11,11, 83, PARSEDATETIME('08-10-2019', 'MM-dd-yyyy'), PARSEDATETIME('09-05-2019', 'MM-dd-yyyy'));
INSERT INTO borrowed (id, users_id, book_id, borrowed_from, borrowed_to)
VALUES (12,6, 64, PARSEDATETIME('09-15-2006', 'MM-dd-yyyy'), PARSEDATETIME('10-11-2006', 'MM-dd-yyyy'));
INSERT INTO borrowed (id, users_id, book_id, borrowed_from, borrowed_to)
VALUES (13,1, 52, PARSEDATETIME('06-23-2020', 'MM-dd-yyyy'), PARSEDATETIME('07-19-2020', 'MM-dd-yyyy'));
INSERT INTO borrowed (id, users_id, book_id, borrowed_from, borrowed_to)
VALUES (14,4, 7, PARSEDATETIME('04-10-2013', 'MM-dd-yyyy'), PARSEDATETIME('05-08-2013', 'MM-dd-yyyy'));
INSERT INTO borrowed (id, users_id, book_id, borrowed_from, borrowed_to)
VALUES (15,3, 50, PARSEDATETIME('06-27-2009', 'MM-dd-yyyy'), PARSEDATETIME('07-19-2009', 'MM-dd-yyyy'));
INSERT INTO borrowed (id, users_id, book_id, borrowed_from, borrowed_to)
VALUES (16,9, 98, PARSEDATETIME('06-04-2021', 'MM-dd-yyyy'), PARSEDATETIME('06-23-2021', 'MM-dd-yyyy'));
INSERT INTO borrowed (id, users_id, book_id, borrowed_from, borrowed_to)
VALUES (17,9, 103, PARSEDATETIME('01-19-2021', 'MM-dd-yyyy'), PARSEDATETIME('02-11-2021', 'MM-dd-yyyy'));
INSERT INTO borrowed (id, users_id, book_id, borrowed_from, borrowed_to)
VALUES (18,8, 52, PARSEDATETIME('05-09-2014', 'MM-dd-yyyy'), PARSEDATETIME('06-05-2014', 'MM-dd-yyyy'));
INSERT INTO borrowed (id, users_id, book_id, borrowed_from, borrowed_to)
VALUES (19,11, 82, PARSEDATETIME('01-27-2010', 'MM-dd-yyyy'), PARSEDATETIME('02-19-2010', 'MM-dd-yyyy'));
INSERT INTO borrowed (id, users_id, book_id, borrowed_from, borrowed_to)
VALUES (20,9, 58, PARSEDATETIME('01-11-2021', 'MM-dd-yyyy'), PARSEDATETIME('02-03-2021', 'MM-dd-yyyy'));
INSERT INTO borrowed (id, users_id, book_id, borrowed_from, borrowed_to)
VALUES (21,4, 91, PARSEDATETIME('02-11-2011', 'MM-dd-yyyy'), PARSEDATETIME('02-27-2011', 'MM-dd-yyyy'));
INSERT INTO borrowed (id, users_id, book_id, borrowed_from, borrowed_to)
VALUES (22,6, 28, PARSEDATETIME('01-10-2007', 'MM-dd-yyyy'), PARSEDATETIME('02-05-2007', 'MM-dd-yyyy'));
INSERT INTO borrowed (id, users_id, book_id, borrowed_from, borrowed_to)
VALUES (23,4, 79, PARSEDATETIME('02-21-2007', 'MM-dd-yyyy'), PARSEDATETIME('03-14-2007', 'MM-dd-yyyy'));
INSERT INTO borrowed (id, users_id, book_id, borrowed_from, borrowed_to)
VALUES (24,1, 98, PARSEDATETIME('10-02-2011', 'MM-dd-yyyy'), PARSEDATETIME('10-28-2011', 'MM-dd-yyyy'));
INSERT INTO borrowed (id, users_id, book_id, borrowed_from, borrowed_to)
VALUES (25,11, 108, PARSEDATETIME('02-29-2008', 'MM-dd-yyyy'), PARSEDATETIME('03-25-2008', 'MM-dd-yyyy'));
INSERT INTO borrowed (id, users_id, book_id, borrowed_from, borrowed_to)
VALUES (26,11, 18, PARSEDATETIME('05-12-2012', 'MM-dd-yyyy'), PARSEDATETIME('05-26-2012', 'MM-dd-yyyy'));
INSERT INTO borrowed (id, users_id, book_id, borrowed_from, borrowed_to)
VALUES (27,10, 54, PARSEDATETIME('06-12-2000', 'MM-dd-yyyy'), PARSEDATETIME('07-08-2000', 'MM-dd-yyyy'));
INSERT INTO borrowed (id, users_id, book_id, borrowed_from, borrowed_to)
VALUES (28,10, 47,PARSEDATETIME( '12-05-2009', 'MM-dd-yyyy'), PARSEDATETIME('01-02-2010', 'MM-dd-yyyy'));
INSERT INTO borrowed (id, users_id, book_id, borrowed_from, borrowed_to)
VALUES (29,6, 31, PARSEDATETIME('07-14-2008', 'MM-dd-yyyy'), PARSEDATETIME('08-06-2008', 'MM-dd-yyyy'));
INSERT INTO borrowed (id, users_id, book_id, borrowed_from, borrowed_to)
VALUES (30,5, 5,PARSEDATETIME( '01-22-2021', 'MM-dd-yyyy'), PARSEDATETIME('02-16-2021', 'MM-dd-yyyy'));
INSERT INTO borrowed (id, users_id, book_id, borrowed_from, borrowed_to)
VALUES (31,5, 61, PARSEDATETIME('10-12-2015', 'MM-dd-yyyy'), PARSEDATETIME('11-02-2015', 'MM-dd-yyyy'));
INSERT INTO borrowed (id, users_id, book_id, borrowed_from, borrowed_to)
VALUES (32,1, 12, PARSEDATETIME('09-12-2011', 'MM-dd-yyyy'), PARSEDATETIME('10-04-2011', 'MM-dd-yyyy'));
INSERT INTO borrowed (id, users_id, book_id, borrowed_from, borrowed_to)
VALUES (33,1, 40, PARSEDATETIME('11-07-2015', 'MM-dd-yyyy'), PARSEDATETIME('11-29-2015', 'MM-dd-yyyy'));
INSERT INTO borrowed (id, users_id, book_id, borrowed_from, borrowed_to)
VALUES (34,5, 36, PARSEDATETIME('11-26-2018', 'MM-dd-yyyy'), PARSEDATETIME('12-22-2018', 'MM-dd-yyyy'));
INSERT INTO borrowed (id, users_id, book_id, borrowed_from, borrowed_to)
VALUES (35,9, 65, PARSEDATETIME('01-16-2021', 'MM-dd-yyyy'), PARSEDATETIME('02-03-2021', 'MM-dd-yyyy'));
INSERT INTO borrowed (id, users_id, book_id, borrowed_from, borrowed_to)
VALUES (36,4, 82, PARSEDATETIME('08-09-2014', 'MM-dd-yyyy'), PARSEDATETIME('08-31-2014', 'MM-dd-yyyy'));
INSERT INTO borrowed (id, users_id, book_id, borrowed_from, borrowed_to)
VALUES (37,1, 101, PARSEDATETIME('04-27-2021', 'MM-dd-yyyy'), PARSEDATETIME('05-25-2021', 'MM-dd-yyyy'));
INSERT INTO borrowed (id, users_id, book_id, borrowed_from, borrowed_to)
VALUES (38,1, 14, PARSEDATETIME('08-08-2010', 'MM-dd-yyyy'), PARSEDATETIME('08-24-2010', 'MM-dd-yyyy'));
INSERT INTO borrowed (id, users_id, book_id, borrowed_from, borrowed_to)
VALUES (39,3, 24,PARSEDATETIME( '09-28-2001', 'MM-dd-yyyy'), PARSEDATETIME('10-15-2001', 'MM-dd-yyyy'));
INSERT INTO borrowed (id, users_id, book_id, borrowed_from, borrowed_to)
VALUES (40,9, 49, PARSEDATETIME('03-11-2021', 'MM-dd-yyyy'), PARSEDATETIME('03-30-2021', 'MM-dd-yyyy'));
INSERT INTO borrowed (id, users_id, book_id, borrowed_from, borrowed_to)
VALUES (41,3, 69, PARSEDATETIME('07-15-2007', 'MM-dd-yyyy'), PARSEDATETIME('08-01-2007', 'MM-dd-yyyy'));
INSERT INTO borrowed (id, users_id, book_id, borrowed_from, borrowed_to)
VALUES (42,4, 89, PARSEDATETIME('05-10-2021', 'MM-dd-yyyy'), PARSEDATETIME('06-09-2021', 'MM-dd-yyyy'));
INSERT INTO borrowed (id, users_id, book_id, borrowed_from, borrowed_to)
VALUES (43,4, 69, PARSEDATETIME('01-10-2007', 'MM-dd-yyyy'), PARSEDATETIME('02-10-2007', 'MM-dd-yyyy'));
INSERT INTO borrowed (id, users_id, book_id, borrowed_from, borrowed_to)
VALUES (44,4, 53, PARSEDATETIME('04-25-2015', 'MM-dd-yyyy'), PARSEDATETIME('05-11-2015', 'MM-dd-yyyy'));
INSERT INTO borrowed (id, users_id, book_id, borrowed_from, borrowed_to)
VALUES (45,1, 54, PARSEDATETIME('06-20-2014', 'MM-dd-yyyy'), PARSEDATETIME('07-10-2014', 'MM-dd-yyyy'));
INSERT INTO borrowed (id, users_id, book_id, borrowed_from, borrowed_to)
VALUES (46,8, 30, PARSEDATETIME('03-04-2018', 'MM-dd-yyyy'), PARSEDATETIME('03-28-2018', 'MM-dd-yyyy'));
INSERT INTO borrowed (id, users_id, book_id, borrowed_from, borrowed_to)
VALUES (47,7, 28, PARSEDATETIME('06-17-2021', 'MM-dd-yyyy'), PARSEDATETIME('07-07-2021', 'MM-dd-yyyy'));
INSERT INTO borrowed (id, users_id, book_id, borrowed_from, borrowed_to)
VALUES (48,7, 36, PARSEDATETIME('05-28-2013', 'MM-dd-yyyy'), PARSEDATETIME('06-24-2013', 'MM-dd-yyyy'));
INSERT INTO borrowed (id, users_id, book_id, borrowed_from, borrowed_to)
VALUES (49,3, 48, PARSEDATETIME('12-22-2003', 'MM-dd-yyyy'), PARSEDATETIME('01-20-2004', 'MM-dd-yyyy'));
INSERT INTO borrowed (id, users_id, book_id, borrowed_from, borrowed_to)
VALUES (50,8, 48, PARSEDATETIME('03-11-2011', 'MM-dd-yyyy'), PARSEDATETIME('04-09-2011', 'MM-dd-yyyy'));
INSERT INTO borrowed (id, users_id, book_id, borrowed_from, borrowed_to)
VALUES (51,7, 93, PARSEDATETIME('06-20-2018', 'MM-dd-yyyy'), PARSEDATETIME('07-17-2018', 'MM-dd-yyyy'));
INSERT INTO borrowed (id, users_id, book_id, borrowed_from, borrowed_to)
VALUES (52,8, 96, PARSEDATETIME('11-05-2018', 'MM-dd-yyyy'), PARSEDATETIME('11-19-2018', 'MM-dd-yyyy'));
INSERT INTO borrowed (id, users_id, book_id, borrowed_from, borrowed_to)
VALUES (53,11, 80, PARSEDATETIME('03-20-2007', 'MM-dd-yyyy'), PARSEDATETIME('04-18-2007', 'MM-dd-yyyy'));
INSERT INTO borrowed (id, users_id, book_id, borrowed_from, borrowed_to)
VALUES (54,5, 88, PARSEDATETIME('12-10-2017', 'MM-dd-yyyy'), PARSEDATETIME('01-09-2018', 'MM-dd-yyyy'));
INSERT INTO borrowed (id, users_id, book_id, borrowed_from, borrowed_to)
VALUES (55,6, 44, PARSEDATETIME('08-26-2005', 'MM-dd-yyyy'), PARSEDATETIME('09-10-2005', 'MM-dd-yyyy'));
INSERT INTO borrowed (id, users_id, book_id, borrowed_from, borrowed_to)
VALUES (56,1, 36,PARSEDATETIME( '08-21-2017', 'MM-dd-yyyy'), PARSEDATETIME('09-06-2017', 'MM-dd-yyyy'));
INSERT INTO borrowed (id, users_id, book_id, borrowed_from, borrowed_to)
VALUES (57,7, 52, PARSEDATETIME('08-30-2014', 'MM-dd-yyyy'),PARSEDATETIME( '09-14-2014', 'MM-dd-yyyy'));
INSERT INTO borrowed (id, users_id, book_id, borrowed_from, borrowed_to)
VALUES (58,11, 106, PARSEDATETIME('01-10-2019', 'MM-dd-yyyy'), PARSEDATETIME('02-06-2019', 'MM-dd-yyyy'));
INSERT INTO borrowed (id, users_id, book_id, borrowed_from, borrowed_to)
VALUES (59,5, 102, PARSEDATETIME('12-08-2019', 'MM-dd-yyyy'), PARSEDATETIME('12-31-2019', 'MM-dd-yyyy'));
INSERT INTO borrowed (id, users_id, book_id, borrowed_from, borrowed_to)
VALUES (60,5, 104, PARSEDATETIME('03-17-2015', 'MM-dd-yyyy'), PARSEDATETIME('04-02-2015', 'MM-dd-yyyy'));
INSERT INTO borrowed (id, users_id, book_id, borrowed_from, borrowed_to)
VALUES (61,6, 38, PARSEDATETIME('05-06-2005', 'MM-dd-yyyy'), PARSEDATETIME('06-06-2005', 'MM-dd-yyyy'));
INSERT INTO borrowed (id, users_id, book_id, borrowed_from, borrowed_to)
VALUES (62,9, 40, PARSEDATETIME('05-22-2021', 'MM-dd-yyyy'), PARSEDATETIME('06-20-2021', 'MM-dd-yyyy'));
INSERT INTO borrowed (id, users_id, book_id, borrowed_from, borrowed_to)
VALUES (63,8, 36, PARSEDATETIME('06-20-2016', 'MM-dd-yyyy'), PARSEDATETIME('07-12-2016', 'MM-dd-yyyy'));
INSERT INTO borrowed (id, users_id, book_id, borrowed_from, borrowed_to)
VALUES (64,3, 18, PARSEDATETIME('07-17-2005', 'MM-dd-yyyy'), PARSEDATETIME('08-04-2005', 'MM-dd-yyyy'));
INSERT INTO borrowed (id, users_id, book_id, borrowed_from, borrowed_to)
VALUES (65,4, 30, PARSEDATETIME('12-29-2012', 'MM-dd-yyyy'), PARSEDATETIME('01-19-2013', 'MM-dd-yyyy'));
INSERT INTO borrowed (id, users_id, book_id, borrowed_from, borrowed_to)
VALUES (66,3, 88, PARSEDATETIME('03-27-2001', 'MM-dd-yyyy'), PARSEDATETIME('04-14-2001', 'MM-dd-yyyy'));
INSERT INTO borrowed (id, users_id, book_id, borrowed_from, borrowed_to)
VALUES (67,10, 15,PARSEDATETIME( '02-05-2005', 'MM-dd-yyyy'), PARSEDATETIME('03-02-2005', 'MM-dd-yyyy'));
INSERT INTO borrowed (id, users_id, book_id, borrowed_from, borrowed_to)
VALUES (68,11, 26, PARSEDATETIME('10-24-2020', 'MM-dd-yyyy'), PARSEDATETIME('11-13-2020', 'MM-dd-yyyy'));
INSERT INTO borrowed (id, users_id, book_id, borrowed_from, borrowed_to)
VALUES (69,5, 92, PARSEDATETIME('07-19-2013', 'MM-dd-yyyy'), PARSEDATETIME('08-16-2013', 'MM-dd-yyyy'));
INSERT INTO borrowed (id, users_id, book_id, borrowed_from, borrowed_to)
VALUES (70,1, 86, PARSEDATETIME('07-01-2019', 'MM-dd-yyyy'), PARSEDATETIME('07-29-2019', 'MM-dd-yyyy'));
INSERT INTO borrowed (id, users_id, book_id, borrowed_from, borrowed_to)
VALUES (71,3, 22, PARSEDATETIME('10-23-2012', 'MM-dd-yyyy'), PARSEDATETIME('11-14-2012', 'MM-dd-yyyy'));
INSERT INTO borrowed (id, users_id, book_id, borrowed_from, borrowed_to)
VALUES (72,9, 7, PARSEDATETIME('02-20-2021', 'MM-dd-yyyy'), PARSEDATETIME('03-07-2021', 'MM-dd-yyyy'));
INSERT INTO borrowed (id, users_id, book_id, borrowed_from, borrowed_to)
VALUES (73,9, 47, PARSEDATETIME('12-15-2020', 'MM-dd-yyyy'), PARSEDATETIME('01-08-2021', 'MM-dd-yyyy'));
INSERT INTO borrowed (id, users_id, book_id, borrowed_from, borrowed_to)
VALUES (74,8, 4, PARSEDATETIME('05-20-2010', 'MM-dd-yyyy'), PARSEDATETIME('06-16-2010', 'MM-dd-yyyy'));
INSERT INTO borrowed (id, users_id, book_id, borrowed_from, borrowed_to)
VALUES (75,6, 76, PARSEDATETIME('08-24-2007', 'MM-dd-yyyy'), PARSEDATETIME('09-07-2007', 'MM-dd-yyyy'));
INSERT INTO borrowed (id, users_id, book_id, borrowed_from, borrowed_to)
VALUES (76,1, 14, PARSEDATETIME('04-18-2019', 'MM-dd-yyyy'), PARSEDATETIME('05-15-2019', 'MM-dd-yyyy'));
INSERT INTO borrowed (id, users_id, book_id, borrowed_from, borrowed_to)
VALUES (77,8, 95,PARSEDATETIME( '12-16-2018', 'MM-dd-yyyy'), PARSEDATETIME('01-16-2019', 'MM-dd-yyyy'));
INSERT INTO borrowed (id, users_id, book_id, borrowed_from, borrowed_to)
VALUES (78,9, 92, PARSEDATETIME('12-17-2020', 'MM-dd-yyyy'), PARSEDATETIME('12-31-2020', 'MM-dd-yyyy'));
INSERT INTO borrowed (id, users_id, book_id, borrowed_from, borrowed_to)
VALUES (79,4, 58, PARSEDATETIME('07-29-2014', 'MM-dd-yyyy'), PARSEDATETIME('08-26-2014', 'MM-dd-yyyy'));
INSERT INTO borrowed (id, users_id, book_id, borrowed_from, borrowed_to)
VALUES (80,6, 41,PARSEDATETIME( '05-11-2006', 'MM-dd-yyyy'), PARSEDATETIME('06-10-2006', 'MM-dd-yyyy'));
INSERT INTO borrowed (id, users_id, book_id, borrowed_from, borrowed_to)
VALUES (81,6, 89, PARSEDATETIME('06-09-2007', 'MM-dd-yyyy'), PARSEDATETIME('07-06-2007', 'MM-dd-yyyy'));
INSERT INTO borrowed (id, users_id, book_id, borrowed_from, borrowed_to)
VALUES (82,5, 32, PARSEDATETIME('10-23-2012', 'MM-dd-yyyy'), PARSEDATETIME('11-23-2012', 'MM-dd-yyyy'));
INSERT INTO borrowed (id, users_id, book_id, borrowed_from, borrowed_to)
VALUES (83,3, 91, PARSEDATETIME('11-20-2002', 'MM-dd-yyyy'), PARSEDATETIME('12-14-2002', 'MM-dd-yyyy'));
INSERT INTO borrowed (id, users_id, book_id, borrowed_from, borrowed_to)
VALUES (84,9, 80, PARSEDATETIME('03-28-2021', 'MM-dd-yyyy'), PARSEDATETIME('04-13-2021', 'MM-dd-yyyy'));
INSERT INTO borrowed (id, users_id, book_id, borrowed_from, borrowed_to)
VALUES (85,11, 64, PARSEDATETIME('09-23-2004', 'MM-dd-yyyy'), PARSEDATETIME('10-13-2004', 'MM-dd-yyyy'));
INSERT INTO borrowed (id, users_id, book_id, borrowed_from, borrowed_to)
VALUES (86,8, 101, PARSEDATETIME('09-16-2011', 'MM-dd-yyyy'), PARSEDATETIME('10-13-2011', 'MM-dd-yyyy'));
INSERT INTO borrowed (id, users_id, book_id, borrowed_from, borrowed_to)
VALUES (89,3, 82, PARSEDATETIME('10-07-2011', 'MM-dd-yyyy'), PARSEDATETIME('11-05-2011', 'MM-dd-yyyy'));
INSERT INTO borrowed (id, users_id, book_id, borrowed_from, borrowed_to)
VALUES (90,11, 54, PARSEDATETIME('12-06-2008', 'MM-dd-yyyy'), PARSEDATETIME('12-24-2008', 'MM-dd-yyyy'));
INSERT INTO borrowed (id, users_id, book_id, borrowed_from, borrowed_to)
VALUES (91,3, 73,PARSEDATETIME( '09-15-2001', 'MM-dd-yyyy'), PARSEDATETIME('10-13-2001', 'MM-dd-yyyy'));
INSERT INTO borrowed (id, users_id, book_id, borrowed_from, borrowed_to)
VALUES (92,7, 70, PARSEDATETIME('10-25-2019', 'MM-dd-yyyy'), PARSEDATETIME('11-13-2019', 'MM-dd-yyyy'));
INSERT INTO borrowed (id, users_id, book_id, borrowed_from, borrowed_to)
VALUES (93,9, 70, PARSEDATETIME('06-19-2021', 'MM-dd-yyyy'), PARSEDATETIME('07-16-2021', 'MM-dd-yyyy'));
INSERT INTO borrowed (id, users_id, book_id, borrowed_from, borrowed_to)
VALUES (94,7, 55, PARSEDATETIME('12-29-2012', 'MM-dd-yyyy'), PARSEDATETIME('01-12-2013', 'MM-dd-yyyy'));
INSERT INTO borrowed (id, users_id, book_id, borrowed_from, borrowed_to)
VALUES (95,5, 21, PARSEDATETIME('01-15-2012', 'MM-dd-yyyy'), PARSEDATETIME('02-04-2012', 'MM-dd-yyyy'));
INSERT INTO borrowed (id, users_id, book_id, borrowed_from, borrowed_to)
VALUES (96,5, 15, PARSEDATETIME('12-14-2018', 'MM-dd-yyyy'), PARSEDATETIME('12-28-2018', 'MM-dd-yyyy'));
INSERT INTO borrowed (id, users_id, book_id, borrowed_from, borrowed_to)
VALUES (97,1, 96, PARSEDATETIME('08-30-2020', 'MM-dd-yyyy'), PARSEDATETIME('09-21-2020', 'MM-dd-yyyy'));
INSERT INTO borrowed (id, users_id, book_id, borrowed_from, borrowed_to)
VALUES (98,3, 106, PARSEDATETIME('06-28-2007', 'MM-dd-yyyy'), PARSEDATETIME('07-19-2007', 'MM-dd-yyyy'));
INSERT INTO borrowed (id, users_id, book_id, borrowed_from, borrowed_to)
VALUES (99,9, 77, PARSEDATETIME('04-13-2021', 'MM-dd-yyyy'), PARSEDATETIME('05-06-2021', 'MM-dd-yyyy'));
INSERT INTO borrowed (id, users_id, book_id, borrowed_from, borrowed_to)
VALUES (100,5, 66, PARSEDATETIME('05-26-2014', 'MM-dd-yyyy'),PARSEDATETIME( '06-21-2014', 'MM-dd-yyyy'));
INSERT INTO borrowed (id, users_id, book_id, borrowed_from, borrowed_to)
VALUES (101,8, 55, PARSEDATETIME('01-29-2019', 'MM-dd-yyyy'), PARSEDATETIME('03-01-2019', 'MM-dd-yyyy'));
INSERT INTO borrowed (id, users_id, book_id, borrowed_from, borrowed_to)
VALUES (102,1, 50, PARSEDATETIME('04-05-2020', 'MM-dd-yyyy'), PARSEDATETIME('05-04-2020', 'MM-dd-yyyy'));
INSERT INTO borrowed (id, users_id, book_id, borrowed_from, borrowed_to)
VALUES (103,6, 7, PARSEDATETIME('11-28-2007', 'MM-dd-yyyy'), PARSEDATETIME('12-19-2007', 'MM-dd-yyyy'));
INSERT INTO borrowed (id, users_id, book_id, borrowed_from, borrowed_to)
VALUES (104,5, 25, PARSEDATETIME('03-03-2012', 'MM-dd-yyyy'), PARSEDATETIME('03-19-2012', 'MM-dd-yyyy'));
INSERT INTO borrowed (id, users_id, book_id, borrowed_from, borrowed_to)
VALUES (105,9, 91, PARSEDATETIME('03-07-2021', 'MM-dd-yyyy'), PARSEDATETIME('03-29-2021', 'MM-dd-yyyy'));
INSERT INTO borrowed (id, users_id, book_id, borrowed_from, borrowed_to)
VALUES (106,6, 48, PARSEDATETIME('04-13-2005', 'MM-dd-yyyy'), PARSEDATETIME('05-12-2005', 'MM-dd-yyyy'));
INSERT INTO borrowed (id, users_id, book_id, borrowed_from, borrowed_to)
VALUES (107,6, 75, PARSEDATETIME('09-24-2004', 'MM-dd-yyyy'), PARSEDATETIME('10-20-2004', 'MM-dd-yyyy'));
INSERT INTO borrowed (id, users_id, book_id, borrowed_from, borrowed_to)
VALUES (108,8, 85,PARSEDATETIME( '02-15-2017', 'MM-dd-yyyy'), PARSEDATETIME('03-06-2017', 'MM-dd-yyyy'));
INSERT INTO borrowed (id, users_id, book_id, borrowed_from, borrowed_to)
VALUES (109,9, 32, PARSEDATETIME('02-21-2021', 'MM-dd-yyyy'), PARSEDATETIME('03-07-2021', 'MM-dd-yyyy'));
INSERT INTO borrowed (id, users_id, book_id, borrowed_from, borrowed_to)
VALUES (110,6, 71, PARSEDATETIME('04-19-2007', 'MM-dd-yyyy'), PARSEDATETIME('05-14-2007', 'MM-dd-yyyy'));
INSERT INTO borrowed (id, users_id, book_id, borrowed_from, borrowed_to)
VALUES (111,1, 103, PARSEDATETIME('12-08-2011', 'MM-dd-yyyy'), PARSEDATETIME('12-31-2011', 'MM-dd-yyyy'));
INSERT INTO borrowed (id, users_id, book_id, borrowed_from, borrowed_to)
VALUES (112,11, 75, PARSEDATETIME('03-17-2016', 'MM-dd-yyyy'), PARSEDATETIME('04-05-2016', 'MM-dd-yyyy'));
INSERT INTO borrowed (id, users_id, book_id, borrowed_from, borrowed_to)
VALUES (113,7, 72, PARSEDATETIME('07-06-2012', 'MM-dd-yyyy'), PARSEDATETIME('07-30-2012', 'MM-dd-yyyy'));
INSERT INTO borrowed (id, users_id, book_id, borrowed_from, borrowed_to)
VALUES (114,7, 21, PARSEDATETIME('05-14-2009', 'MM-dd-yyyy'),PARSEDATETIME( '06-07-2009', 'MM-dd-yyyy'));
INSERT INTO borrowed (id, users_id, book_id, borrowed_from, borrowed_to)
VALUES (115,7, 84, PARSEDATETIME('10-20-2016', 'MM-dd-yyyy'), PARSEDATETIME('11-11-2016', 'MM-dd-yyyy'));
INSERT INTO borrowed (id, users_id, book_id, borrowed_from, borrowed_to)
VALUES (116,5, 42, PARSEDATETIME('01-22-2012', 'MM-dd-yyyy'), PARSEDATETIME('02-10-2012', 'MM-dd-yyyy'));
INSERT INTO borrowed (id, users_id, book_id, borrowed_from, borrowed_to)
VALUES (117,7, 100, PARSEDATETIME('01-08-2021', 'MM-dd-yyyy'), PARSEDATETIME('02-02-2021', 'MM-dd-yyyy'));
INSERT INTO borrowed (id, users_id, book_id, borrowed_from, borrowed_to)
VALUES (118,10, 88, PARSEDATETIME('08-02-2004', 'MM-dd-yyyy'), PARSEDATETIME('09-01-2004', 'MM-dd-yyyy'));
INSERT INTO borrowed (id, users_id, book_id, borrowed_from, borrowed_to)
VALUES (119,8, 100, PARSEDATETIME('02-12-2018', 'MM-dd-yyyy'), PARSEDATETIME('03-10-2018', 'MM-dd-yyyy'));
INSERT INTO borrowed (id, users_id, book_id, borrowed_from, borrowed_to)
VALUES (120,9, 15, PARSEDATETIME('11-27-2020', 'MM-dd-yyyy'),PARSEDATETIME( '12-27-2020', 'MM-dd-yyyy'));
